address,amount_idm,amount_wei,tier,note
0x2db825e600faf3a0fefdbd8f95da825ed74f9974,42048516.57998545,42048516579985450000000000,vested_20_6m,transfer terverifikasi
0x5c97b6915c9c580d033ac4072c4da5926492ff38,3781637.50723076,3781637507230760000000000,vested_20_6m,transfer terverifikasi
0x56a5851a11954c163c151a9b32a5e5ced9d86114,3023063.51006305,3023063510063050000000000,vested_20_6m,transfer terverifikasi
0x1425b9da624dc924e304f1f1e38f106e1075813f,2523266.59353777,2523266593537770000000000,vested_20_6m,transfer terverifikasi
0xc9ef25136bfcc68abfdb62742ac38be727680234,2115402.54778721,2115402547787210000000000,vested_20_6m,transfer terverifikasi
0x79e5f6e1ee27fe7c964c288741098d8ee7df2025,1493157.93687469,1493157936874690000000000,vested_20_6m,transfer terverifikasi
0xbf0eb8fc34d4499ec2566fd8ff521c398bb9bc3c,1416808.40555523,1416808405555230000000000,vested_20_6m,transfer terverifikasi
0x733a9513ab0aec742839d2d3c3bae1de4d7ff445,1354576.62521465,1354576625214650000000000,vested_20_6m,transfer terverifikasi
0x1abf98206fad1eb10fae2a86c6505c87df3932a7,1259800.15679785,1259800156797850000000000,vested_20_6m,transfer terverifikasi
0x66581b3aeca7fbd7167bf9d798b4b040cb7168bf,1230876.60146861,1230876601468610000000000,vested_20_6m,transfer terverifikasi
0xc291cbb0c695097fcbecfc3d0c8325acf97cebae,1199126.16242777,1199126162427770000000000,vested_20_6m,transfer terverifikasi
0xd751ce35e261a1303070334f3def08d653f15383,1045710.72838022,1045710728380220000000000,vested_20_6m,transfer terverifikasi
0x4869e38d8c6c4a24325a6f69e778c12f9e997c73,1002598.42149574,1002598421495740000000000,vested_20_6m,transfer terverifikasi
0x684cab07d32fc7fc54172e9eff2b650cad20d1f6,1001818.00000000,1001818000000000000000000,vested_20_6m,transfer terverifikasi
0xdc419770796818b1766cb256a755884bb2839a42,1001809.56019525,1001809560195250000000000,vested_20_6m,transfer terverifikasi
0x12f9ebb50e9fd87a9aebc5d39e6c094d1831ecce,1001694.74155762,1001694741557620000000000,vested_20_6m,transfer terverifikasi
0xe2264ee0b3e432877d8085350df721c6f75f5127,1001234.51283956,1001234512839560000000000,vested_20_6m,transfer terverifikasi
0x9a30a1794c194cbd1d7a136d5180f3106a6cb2cd,942120.31163503,942120311635030000000000,vested_20_6m,transfer terverifikasi
0xc291031eed6c3f2394c2a684aabbf05388b4baab,808526.71338554,808526713385540000000000,vested_20_6m,transfer terverifikasi
0x5d2d257443ce022d025e3df5618c5623e348f8a4,798671.01248666,798671012486660000000000,vested_20_6m,transfer terverifikasi
0xaf426533a211d89760370a40531079b58bc9839b,795809.92502334,795809925023340000000000,vested_20_6m,transfer terverifikasi
0xb6f3dc2d51e5e15b6af3026d8c3f3f6b76b0fc04,729406.73303065,729406733030650000000000,vested_20_6m,transfer terverifikasi
0x5d144c856a3425ef01a082465b9d4b6b6513ec6a,703316.00239992,703316002399920000000000,vested_20_6m,transfer terverifikasi
0xdeb3495fcc9794329dcb79613df66596be776d75,703262.80648345,703262806483450000000000,vested_20_6m,transfer terverifikasi
0x682a9e06e78c433d9c5f9a96d1f46a6bf07b00a5,701166.06395800,701166063958000000000000,vested_20_6m,transfer terverifikasi
0xd802ca33bf6aa8e5626ccbeb90a388c023111f01,697465.79450085,697465794500850000000000,vested_20_6m,transfer terverifikasi
0xc2a615128b2e677822fe45a470d894c5cf8b3079,688431.41445755,688431414457550000000000,vested_20_6m,transfer terverifikasi
0xdb91a78347ed0d5037aeb0458c642aed2a9355a2,659935.83075556,659935830755560000000000,vested_20_6m,transfer terverifikasi
0x86c637586d198f854b95f235902393eca789283d,625696.61270404,625696612704040000000000,vested_20_6m,transfer terverifikasi
0x84e3f956ffd20e98d38312b5ae1b3b51bba44396,616734.30220207,616734302202070000000000,vested_20_6m,transfer terverifikasi
0xcef86b1117a57f1b6a63f025765b78a2a6a0f17e,610320.67209079,610320672090790000000000,vested_20_6m,transfer terverifikasi
0x451c186fca89c0288ba27b1b58ada093f1185598,609558.35867450,609558358674500000000000,vested_20_6m,transfer terverifikasi
0x2247158816d8de99be70673d80cfadd35deeb0d7,607125.60685885,607125606858850000000000,vested_20_6m,transfer terverifikasi
0x3fecd7a7aba0bcdc26251a1d710bbd1e95366668,601016.48754676,601016487546760000000000,vested_20_6m,transfer terverifikasi
0x6afa9410e18d49d5290009176426889c82c1b2b9,592489.80116555,592489801165550000000000,vested_20_6m,transfer terverifikasi
0x4327df2b753a61ee57c9540662b9ee49277c795c,581330.68435061,581330684350610000000000,vested_20_6m,transfer terverifikasi
0xa04aaf40734467650890ec2d1c30d9717cdbeb16,575269.50802917,575269508029170000000000,vested_20_6m,transfer terverifikasi
0x6cb24013fd70f142a991be735f39783b62217167,572299.54944135,572299549441350000000000,vested_20_6m,transfer terverifikasi
0x764930835bfa317080d4a958482922ab674c31de,563881.41473184,563881414731840000000000,vested_20_6m,transfer terverifikasi
0x86342bc102cf1db5ccabab9fda50862df002076e,561500.08195002,561500081950020000000000,vested_20_6m,transfer terverifikasi
0x546e461dede32a44186a453c80de38fe0f3f40cd,558621.59826751,558621598267510000000000,vested_20_6m,transfer terverifikasi
0x4967a874c7958cf49f25fe739efc4233e2c2eab3,557232.30561465,557232305614650000000000,vested_20_6m,transfer terverifikasi
0xf62a824875ba58ad9dba0e69ba29422d4eec1533,551795.79254978,551795792549780000000000,vested_20_6m,transfer terverifikasi
0x5c932bbe4485c24e1a779872362e990dedf0d208,549751.53244785,549751532447850000000000,vested_20_6m,transfer terverifikasi
0x793ef17dfd2420a3b1193d39d07424d18e42b72d,545276.66889903,545276668899030000000000,vested_20_6m,transfer terverifikasi
0x9988b6e00e786d4e1df59b26a1190cb5751626a1,542100.44032187,542100440321870000000000,vested_20_6m,transfer terverifikasi
0x8931c5a397b35fd721111ed2823f943061e7cbd0,541420.33769633,541420337696330000000000,vested_20_6m,transfer terverifikasi
0x0c0dbd4bc52a83a548db849e843c51d48e9d447f,536611.62904001,536611629040010000000000,vested_20_6m,transfer terverifikasi
0xcf3949eef7f21f1e828bec471c94b6edfd999a27,532351.34603942,532351346039420000000000,vested_20_6m,transfer terverifikasi
0x46860b59909dd71e0b15f0542478977eb06447cf,531709.32338229,531709323382290000000000,vested_20_6m,transfer terverifikasi
0x0023d593cf41c379ec3d37f0ac424eb2ba9f6e91,523787.59514739,523787595147390000000000,vested_20_6m,transfer terverifikasi
0x679eb9f4a0ef1c0de46c5603283a3809966ee05e,520728.27246723,520728272467230000000000,vested_20_6m,transfer terverifikasi
0x1f564f2e1e296e4b58a9ff5def488318d8469864,517384.68504349,517384685043490000000000,vested_20_6m,transfer terverifikasi
0xf389b4edfb7d9a93cd3000ba9b228747e4942c52,517175.52578160,517175525781600000000000,vested_20_6m,transfer terverifikasi
0x65f891c9221b1a6550a915d192b2dd62740e5d7f,516670.35769319,516670357693190000000000,vested_20_6m,transfer terverifikasi
0x10a1bdafe1bed1542257a05013ea651f8c1924ae,516187.75362418,516187753624180000000000,vested_20_6m,transfer terverifikasi
0x596099877cecdd1efce42441c2225dcafd8b152a,515000.30516989,515000305169890000000000,vested_20_6m,transfer terverifikasi
0x1342cebfb194142e7d16421dc198041d948ed62a,513896.56689011,513896566890110000000000,vested_20_6m,transfer terverifikasi
0xee733aa1d23058a7e2f989c1335d20268d1c2c80,511009.63350856,511009633508560000000000,vested_20_6m,transfer terverifikasi
0x1e9ae518b94bf9fde195bd1511e45d70747778ff,508634.81474850,508634814748500000000000,vested_20_6m,transfer terverifikasi
0x88670730127001034a016d724accafa538c5fb32,507176.76009622,507176760096220000000000,vested_20_6m,transfer terverifikasi
0xfa58d7a4a67170f322a65862324c08cd27cbd5c9,505832.95152334,505832951523340000000000,vested_20_6m,transfer terverifikasi
0xc4523340baddab5e7e2ad009a79f654a6128503c,503552.97922471,503552979224710000000000,vested_20_6m,transfer terverifikasi
0x52aa90eec69cd4a7a64076549137ce3648d7121a,503390.25296037,503390252960370000000000,vested_20_6m,transfer terverifikasi
0x2f751a7da0c3cbc5786fe57debbb5edb4f32f29c,503180.30773985,503180307739850000000000,vested_20_6m,transfer terverifikasi
0x051bd33912b92f02c6e70af707687a6fe14d3007,502486.82864924,502486828649240000000000,vested_20_6m,transfer terverifikasi
0xcfab6a3b9369530cd5d4671c8d096eb0d6262810,502074.62527694,502074625276940000000000,vested_20_6m,transfer terverifikasi
0x3fd3b4d3bfc46215042fed6d72b0e4848e57a445,501950.34275445,501950342754450000000000,vested_20_6m,transfer terverifikasi
0xdd6ae8937cfeec9f07576f1dddb3b6cf1e1d2baa,501905.26459243,501905264592430000000000,vested_20_6m,transfer terverifikasi
0x46c0ed2869d36aaf09d09b6259a0e247af2fa650,501834.32603517,501834326035170000000000,vested_20_6m,transfer terverifikasi
0x53a4cd8af1b4fba741e9a410d08f2b4e85891e56,500868.75065881,500868750658810000000000,vested_20_6m,transfer terverifikasi
0x4675aee26b6f266c84286a0d5154c98f8bd4e620,500868.75065881,500868750658810000000000,vested_20_6m,transfer terverifikasi
0x76d562ae14ba3d4d33cd524d16fd21b07fb25aa3,500846.29796604,500846297966040000000000,vested_20_6m,transfer terverifikasi
0x397ebcb54d1982a10f538f9388a108244de9fd6b,500846.29796604,500846297966040000000000,vested_20_6m,transfer terverifikasi
0x88798d6bfd969f9ecaeea8fa3cf51f5fb28b6a8a,500837.77626310,500837776263100000000000,vested_20_6m,transfer terverifikasi
0x4030529bb18e6b7f8150b443c563d16c05a2b10c,500834.44983103,500834449831030000000000,vested_20_6m,transfer terverifikasi
0x79dcb6f27fac51e32e908f51531d710711dff558,500834.33548334,500834335483340000000000,vested_20_6m,transfer terverifikasi
0x7af7e66c63e74903dfe04690a7ace2cd473d2ccb,500832.66071375,500832660713750000000000,vested_20_6m,transfer terverifikasi
0xaa706c5c2628fc0a09d870138c3cffbd0984c2fd,500832.66071375,500832660713750000000000,vested_20_6m,transfer terverifikasi
0xe091783a0c119b91302ef7d89fd8f1f706160d5d,500832.66071375,500832660713750000000000,vested_20_6m,transfer terverifikasi
0x2e665a6a9c785447e8ae12650180725bef7f3cfa,500794.65569195,500794655691950000000000,vested_20_6m,transfer terverifikasi
0x63ba1100c1d49e6e880b1240f77b4d3a48819f90,500653.52209192,500653522091920000000000,vested_20_6m,transfer terverifikasi
0xa5fde3bcb94e515976e6fe27e7fcadcba9e76d3d,500176.66207387,500176662073870000000000,vested_20_6m,transfer terverifikasi
0x81ac7fca2a41f3867dab9d1a3f9d1a6df1891fa2,494337.98176442,494337981764420000000000,vested_20_6m,transfer terverifikasi
0xdc4362ed334ce30ee4d43714761747a2bf117abf,491329.49004529,491329490045290000000000,vested_20_6m,transfer terverifikasi
0x2c1af297550746827ce446fa20d46d4b12052daf,479219.34070462,479219340704620000000000,vested_20_6m,transfer terverifikasi
0x233078d2d566511a87f242813b10570fb5599104,466407.71460870,466407714608700000000000,vested_20_6m,transfer terverifikasi
0x122e84360b52f8c6136aa4eb6516398e568b7b52,457810.19972352,457810199723520000000000,vested_20_6m,transfer terverifikasi
0x09c007e71681d254cd65835db5a4e545249c943a,457524.16737788,457524167377880000000000,vested_20_6m,transfer terverifikasi
0x34a86af4121798d859788b3347129a78b0d73cec,439977.90240677,439977902406770000000000,vested_20_6m,transfer terverifikasi
0x83154937573d3236d80720ca57af0ce8e1caec56,424008.60981765,424008609817650000000000,vested_20_6m,transfer terverifikasi
0x6e302bf9770e20a79d678e7ce2a7dc5288efe1c7,420584.68720694,420584687206940000000000,vested_20_6m,transfer terverifikasi
0xd12fb085df4133fde8bd576816a7e253dbebdac0,400827.42484562,400827424845620000000000,vested_20_6m,transfer terverifikasi
0x4e3c387ddbc1b0223a9603f81e04c47711ab0ec3,400689.33855311,400689338553110000000000,vested_20_6m,transfer terverifikasi
0x72e0fa6369c29a45bc298b57389131148481bce2,400677.03837283,400677038372830000000000,vested_20_6m,transfer terverifikasi
0xb592f95ee0a97d959f871fc98352f73ff0bdb69d,390564.99712948,390564997129480000000000,vested_20_6m,transfer terverifikasi
0xadbb2846964df6ce9601f90c3b914d63e2865c7b,364181.78342582,364181783425820000000000,vested_20_6m,transfer terverifikasi
0x62986919bc945daa604905144489e9d1c89cac4b,358359.79265542,358359792655420000000000,vested_20_6m,transfer terverifikasi
0x6bf4a135b5b5256a674d1620dcaf6a5c321be4c9,355907.39693485,355907396934850000000000,vested_20_6m,transfer terverifikasi
0x01a76903177c46033c5c9a9c5107cbe89eef756c,352635.00000000,352635000000000000000000,vested_20_6m,transfer terverifikasi
0x360c027beda8e2af38263dc8d8b2c349b8a64fd9,336277.85284625,336277852846250000000000,vested_20_6m,transfer terverifikasi
0x68870c7ccf7db8ef91a9f9e1bfd48e9402b8542b,331174.66345078,331174663450780000000000,vested_20_6m,transfer terverifikasi
0x89af97d20a4064e3e9ddfa4d01136a790c720608,326494.97951374,326494979513740000000000,vested_20_6m,transfer terverifikasi
0x4d1b8ddc01260209cc60ae80482ccf709566fb5d,326443.37134875,326443371348750000000000,vested_20_6m,transfer terverifikasi
0x72fb470724b9f164683fc1f28ac0902c44343d73,318925.63133607,318925631336070000000000,vested_20_6m,transfer terverifikasi
0xf3f813dd385b61105de2267200b4680df111327a,314923.48284843,314923482848430000000000,vested_20_6m,transfer terverifikasi
0x14652832b25652a1a767ef6597a0be273e4bd828,307020.51038257,307020510382570000000000,vested_20_6m,transfer terverifikasi
0x8282691fd485f87a0f5d69b6e1c45d9ee9cac854,306512.71907301,306512719073010000000000,vested_20_6m,transfer terverifikasi
0x4477e90e9a542e05bafcf7e3fb734580e2bb19ce,305094.20327220,305094203272200000000000,vested_20_6m,transfer terverifikasi
0x3e114c7b91215034747c27875ef4ecb7f7639979,302394.83120195,302394831201950000000000,vested_20_6m,transfer terverifikasi
0x190f32161f4afab25eec693ce3c6d9de64a4ca02,301385.29063085,301385290630850000000000,vested_20_6m,transfer terverifikasi
0xbdcb84084ff86c34d24fbaa3fd138ee577663d3b,301212.54908842,301212549088420000000000,vested_20_6m,transfer terverifikasi
0x6a7b0788d9e2013aa04d2d67e14956c380a93f42,300692.00000000,300692000000000000000000,vested_20_6m,transfer terverifikasi
0xa479caf4e2560d4b530c75fe1fc45b0f2dd20335,300605.00000000,300605000000000000000000,vested_20_6m,transfer terverifikasi
0x720d986d4e3b16e7052ed9e0e92646c579429900,300516.69776265,300516697762650000000000,vested_20_6m,transfer terverifikasi
0x74a2aa862fb8ce329515145f76bc4054f49b0ac3,300513.80060908,300513800609080000000000,vested_20_6m,transfer terverifikasi
0x44c115e55ad6e99245a7602e1c6795312e5842b7,300500.66989861,300500669898610000000000,vested_20_6m,transfer terverifikasi
0x1079c87f82eb1476adfe7bb9f61e5562946c2d1b,287769.51955620,287769519556200000000000,vested_20_6m,transfer terverifikasi
0x3d1d4d838e3922c812182e2bb74fbc469b758c2d,283807.34353391,283807343533910000000000,vested_20_6m,transfer terverifikasi
0xe69d8b4d2e32e3936a2858ca2e5048913c0d0ad8,282003.41135704,282003411357040000000000,vested_20_6m,transfer terverifikasi
0x5feaed5f5606f797e0ca9bb18313bd12a6fa39a6,277181.81791448,277181817914480000000000,vested_20_6m,transfer terverifikasi
0x2369040b32f4a0c275bcff5dfdec3b5257d104a0,275170.48042973,275170480429730000000000,vested_20_6m,transfer terverifikasi
0xb659380ba70c428a76e51e700daddc193faea1be,273452.50882805,273452508828050000000000,vested_20_6m,transfer terverifikasi
0x042b026c91a0dd7b2ba40c7c75636431924860dc,261434.64889257,261434648892570000000000,vested_20_6m,transfer terverifikasi
0xeea0c91e7625a1e49105000c298d5a8e13d8aac1,259793.65232238,259793652322380000000000,vested_20_6m,transfer terverifikasi
0xa13d7df69c9c808155dbe2b229e3cef5c0024678,257620.53513229,257620535132290000000000,vested_20_6m,transfer terverifikasi
0x819fdf5988171743e271b144563c7bbed979c112,256205.03552036,256205035520360000000000,vested_20_6m,transfer terverifikasi
0xb7292efb1d466cb07d12224bc65a354cf5452e4c,255191.65423064,255191654230640000000000,vested_20_6m,transfer terverifikasi
0x33cbd97fdca2e87b6ca9364d1d3c91893d30d0c4,252429.93726518,252429937265180000000000,vested_20_6m,transfer terverifikasi
0x7fa9ad7eece16f2203204b07356150ac260f6621,251997.51166871,251997511668710000000000,vested_20_6m,transfer terverifikasi
0xeb5ad39c1b9a20fe177524f545f8d116f42e55f0,249510.41287496,249510412874960000000000,tge_full,transfer terverifikasi
0x1e0910f85f1e6d912e11160a361346cbd2773819,247947.08849065,247947088490650000000000,tge_full,transfer terverifikasi
0x64a949090494b9961b8b8a12d418fb768d9724a8,246088.00000000,246088000000000000000000,tge_full,transfer terverifikasi
0x40ad26c87dccff98434131ad3d0693b96ea9dcc3,244087.79495386,244087794953860000000000,tge_full,transfer terverifikasi
0x630e27f6a0d8361947ab515cf39c838adc11383f,243284.47326831,243284473268310000000000,tge_full,transfer terverifikasi
0xa3d3e03e717a8a182e0e4eadbde15019132d5645,242492.41938592,242492419385920000000000,tge_full,transfer terverifikasi
0x2917194967e0635cfdc3f227291c12fe7e50180e,237784.89155920,237784891559200000000000,tge_full,transfer terverifikasi
0x9704ce30e8ce8233567498585041ceee3b1da2f6,223646.59910035,223646599100350000000000,tge_full,transfer terverifikasi
0x16d1fc5229fe6388786f5acc8b79a2bbdfc5adc7,221311.63314200,221311633142000000000000,tge_full,transfer terverifikasi
0xcf731d4288dc73d780970badc6c2e048be4150c8,216391.29459688,216391294596880000000000,tge_full,transfer terverifikasi
0x2ae041d0baeb63c0809f72875de29f8331e397dd,215343.85880861,215343858808610000000000,tge_full,transfer terverifikasi
0x7f388e4defe29837bdcb8c6b8cd00e53cfc3c086,214511.88912171,214511889121710000000000,tge_full,transfer terverifikasi
0x02666e20d5ec70973f3ece8a0eb0377dd8847d20,214309.52649892,214309526498920000000000,tge_full,transfer terverifikasi
0x3c77fd2621f9fe3c92e8eac184c8ed8bb946b641,211834.93983734,211834939837340000000000,tge_full,transfer terverifikasi
0xff7c0614feb07b4474c5f2ebe39a34bd9736a206,210697.31111917,210697311119170000000000,tge_full,transfer terverifikasi
0xd8e331427079f7765743826232f902c42cdb3839,208243.87715351,208243877153510000000000,tge_full,transfer terverifikasi
0xd662b3a48848140e5abbb8736aef0d1c6ffd4460,207819.32915369,207819329153690000000000,tge_full,transfer terverifikasi
0xe8e48c472d8cce474c64c4f55777b7f9944faa93,206512.57679553,206512576795530000000000,tge_full,transfer terverifikasi
0x53aef83242a510f2f4320e7f45c92e1de43b35a4,203306.38281051,203306382810510000000000,tge_full,transfer terverifikasi
0x175ff0fbf1a95989e03255bf71a3770dfe10af3e,202828.10610429,202828106104290000000000,tge_full,transfer terverifikasi
0xc3c6f5d1549bc463e708e3681f327a3ab8fe67c3,202825.56331950,202825563319500000000000,tge_full,transfer terverifikasi
0xdbd4670097f9f55c03d29a568f92f4c9c9b8d767,202824.74055866,202824740558660000000000,tge_full,transfer terverifikasi
0x145e74c729c4d137afbb6975a93bee06920c8867,202151.89645168,202151896451680000000000,tge_full,transfer terverifikasi
0xe2fbed8cfcb06b77111ebddf889e462f9d4a39cc,202129.30959785,202129309597850000000000,tge_full,transfer terverifikasi
0x6ce0491556ce3fb2b6976e51fc3ff9dfdd718ecd,201802.32005941,201802320059410000000000,tge_full,transfer terverifikasi
0xf8c9a29a5e1016d8cce4892545a981680be2129f,201535.73659849,201535736598490000000000,tge_full,transfer terverifikasi
0xd82db51871d18daea5be8b7310253caf81a5dfb5,200333.16113085,200333161130850000000000,tge_full,transfer terverifikasi
0x7e7d0a8bb6bc6bd9e76c2801997b887f76d1ee11,200327.49718498,200327497184980000000000,tge_full,transfer terverifikasi
0x0b89f9a652f69ebabab1bbb044c01c545c383291,200260.60674734,200260606747340000000000,tge_full,transfer terverifikasi
0xc57e9eccd251a235fcf52fc360a7c49763460fe2,196262.39553761,196262395537610000000000,tge_full,transfer terverifikasi
0x4f482103c413ee223676152323848595ed95fa8c,194747.20963094,194747209630940000000000,tge_full,transfer terverifikasi
0xefe4bbb237e09cb803fa4738bdf6de7fd5be5022,193247.89703623,193247897036230000000000,tge_full,transfer terverifikasi
0x82791ac3fb324d739eb1fbf17e029e72fd12db5d,190824.09244313,190824092443130000000000,tge_full,transfer terverifikasi
0xa65f33b3c3c8b0ae916be7d5fcc612edb228c90c,188391.35775662,188391357756620000000000,tge_full,transfer terverifikasi
0x199eb20e8ba8720c1d5852f037870cdafa7f5168,187175.83116058,187175831160580000000000,tge_full,transfer terverifikasi
0x75f922c84b474d6e50f7436090cc8b31c6daeb4a,184036.08400486,184036084004860000000000,tge_full,transfer terverifikasi
0x499f360bf70856bd669ceabb18b8d8fbd89523e9,177503.16860953,177503168609530000000000,tge_full,transfer terverifikasi
0x00784bed05f8700d61f56c667768ec7009743911,174162.62673229,174162626732290000000000,tge_full,transfer terverifikasi
0x2b44be17c783e2e5190b41e80bcb143e710e0d6f,166934.43992504,166934439925040000000000,tge_full,transfer terverifikasi
0x579858b4eb0afd6cb7e303b3ca47c8e2463757b0,163416.59454396,163416594543960000000000,tge_full,transfer terverifikasi
0xe6482cc813d9c245b4b0d8030a8b44fa9420b98a,162604.69418952,162604694189520000000000,tge_full,transfer terverifikasi
0xb44ff70afcc2efb4d9b75595936627a5fe82c6da,161255.54893209,161255548932090000000000,tge_full,transfer terverifikasi
0x0b74900fd6253cca39bc2bf46b6febd4d2c3c274,160262.75935667,160262759356670000000000,tge_full,transfer terverifikasi
0x0e1e534990a41f2b4778b119640e99cfeba5c90f,158727.37807769,158727378077690000000000,tge_full,transfer terverifikasi
0x155a725329513cb93ad2eb2eada2d4e7ba966b5e,158014.90068988,158014900689880000000000,tge_full,transfer terverifikasi
0xd54a9aa9417be6c85b089f7a75fce7e72d56deb2,156939.50559207,156939505592070000000000,tge_full,transfer terverifikasi
0xf0682b94212e936cb6d6165b09321e75bdeae7d7,156219.74011741,156219740117410000000000,tge_full,transfer terverifikasi
0x3739bb6a6db491f39e135461985a122e57634e34,155900.19487584,155900194875840000000000,tge_full,transfer terverifikasi
0xa51f739dc995cd20b7a4bd76da6b51bc0a138578,155296.53576461,155296535764610000000000,tge_full,transfer terverifikasi
0xb957c03db777567aa71bafe7b0d44416fa826219,152227.39061995,152227390619950000000000,tge_full,transfer terverifikasi
0xe796b36fa11c27a2e657b4b79f4ba7f85e2ff9db,149259.54006471,149259540064710000000000,tge_full,transfer terverifikasi
0x23a85a278d5f22e4e11c1df506565aa824bae899,148035.68720451,148035687204510000000000,tge_full,transfer terverifikasi
0xf97a327852d943d24e5a7f1632e06b1664e5cd57,144046.88278622,144046882786220000000000,tge_full,transfer terverifikasi
0xfecada88cab3e6a5741b20fe1114639fbf0e93f0,143542.61682120,143542616821200000000000,tge_full,transfer terverifikasi
0x9f770739cd9dc4b866d55f65a49495dbb12e47da,141968.04716380,141968047163800000000000,tge_full,transfer terverifikasi
0x19e9aea730bd6fcee15eae619f40f95b203b8a82,137114.43009124,137114430091240000000000,tge_full,transfer terverifikasi
0x2fddf88ad79dd5a0ce3aee7fc83ab6cf89607a0b,136179.96893137,136179968931370000000000,tge_full,transfer terverifikasi
0x6f09cbbdf464ac300cac3c91e7d03f1889e1b02d,135416.51794601,135416517946010000000000,tge_full,transfer terverifikasi
0xca4588e0325fe71bc15d3e9b79efeff707022626,135225.27058050,135225270580500000000000,tge_full,transfer terverifikasi
0x59163ad840cdeb2a8f59edfb181e5bfb7156a7c6,135174.41060270,135174410602700000000000,tge_full,transfer terverifikasi
0xae85cc9f23b900560965d8b04379528b46dba756,135006.58271933,135006582719330000000000,tge_full,transfer terverifikasi
0x7e8e73d048449262f718d47e13208d8a676ea9e2,134788.25375580,134788253755800000000000,tge_full,transfer terverifikasi
0xd2d0aa35de2559ec58c089e51899210e036c0fc7,134545.90728416,134545907284160000000000,tge_full,transfer terverifikasi
0x5c78b7a91da440885e3bf89fe3d53a54b5ac1c32,132739.47768619,132739477686190000000000,tge_full,transfer terverifikasi
0xe27207eb1edf4a49220d1c3fa46b145ee01c3a7b,131155.54576925,131155545769250000000000,tge_full,transfer terverifikasi
0xa5a1026b1449cef6337e2c90341bc99abc5c72f1,129419.85941846,129419859418460000000000,tge_full,transfer terverifikasi
0xa8c57619ef68c0448a151c3c6ab78908aa041505,128367.30985351,128367309853510000000000,tge_full,transfer terverifikasi
0x8b125c17f6c0bd1cbad7630ab034fba7915a86c3,126210.25254180,126210252541800000000000,tge_full,transfer terverifikasi
0x896c215e67032a023ae5a04fe460adc255e21683,125209.44688770,125209446887700000000000,tge_full,transfer terverifikasi
0x4041d62bd8c9c10d0550c6ef03420940d9fccd1d,123830.63890980,123830638909800000000000,tge_full,transfer terverifikasi
0xa4d4f1b06d0c38a45ff77150986f22bf06b0cea4,121803.41377740,121803413777400000000000,tge_full,transfer terverifikasi
0x14d72df4a38b17fc2774ee4005171980c38e46e6,121695.13204116,121695132041160000000000,tge_full,transfer terverifikasi
0x64e41f52e9f686b5eb70fafb240b1c3861d49bda,121400.13707949,121400137079490000000000,tge_full,transfer terverifikasi
0xf10a57a94d73690ca39247abcef0dc15bc52cab2,121363.37300867,121363373008670000000000,tge_full,transfer terverifikasi
0x3b54cf24b9c8173f36cdebb156ab854141fd88c1,116191.27860999,116191278609990000000000,tge_full,transfer terverifikasi
0xc235d972c233eacd8dbb4e5547633455b7f7c404,114319.92785102,114319927851020000000000,tge_full,transfer terverifikasi
0xd4ccb5ac5ae6e4035be93ed6415df5980a81296e,112636.47119861,112636471198610000000000,tge_full,transfer terverifikasi
0x65aeacc360c5dfb6be953df0673cd8008658d074,111140.16621750,111140166217500000000000,tge_full,transfer terverifikasi
0x023df8b851d9654ec3d706357f99546bfdbb1f56,109054.68667717,109054686677170000000000,tge_full,transfer terverifikasi
0x1492f4c46995abd92882ffcdc3e0ce2a5311e629,108232.22523545,108232225235450000000000,tge_full,transfer terverifikasi
0x7b3d3f373870aa9076089a1ac8ca1c5929e90563,107320.27628799,107320276287990000000000,tge_full,transfer terverifikasi
0x01c5bd8764ab2668dc71d61718a855b6b03877d3,105975.85924755,105975859247550000000000,tge_full,transfer terverifikasi
0x805b63c49f2d81adf52ce37f946d3274e71db59c,105438.68924752,105438689247520000000000,tge_full,transfer terverifikasi
0x17bcddfd3c30d205646e547807ab34c9cb52a3f1,105406.71226264,105406712262640000000000,tge_full,transfer terverifikasi
0x992ce2a8e72e3140814c2892caf3935401649bcf,104418.35099914,104418350999140000000000,tge_full,transfer terverifikasi
0xfe82b6275b3914f6049c41d9ab34ae4c1a82298e,104057.35049891,104057350498910000000000,tge_full,transfer terverifikasi
0xf130b2dde8155f80eca83ec8dda50d61e3c0c929,104021.33014382,104021330143820000000000,tge_full,transfer terverifikasi
0x1b6e3711d29d57b7663541c7a90666ebf09f94c9,103507.06077238,103507060772380000000000,tge_full,transfer terverifikasi
0xf2ba4fe58bb202950b807cb371ee2177e237cf64,102891.46702645,102891467026450000000000,tge_full,transfer terverifikasi
0x07d526d1550dbd10456d05b7244365eaf77c87d6,102435.46231402,102435462314020000000000,tge_full,transfer terverifikasi
0x96dc5899fac97d387bf678269cce406ae38313eb,102245.04238043,102245042380430000000000,tge_full,transfer terverifikasi
0x7ad97e5174d4a541e1431875a6b4ace71b25b430,100972.63700465,100972637004650000000000,tge_full,transfer terverifikasi
0x8ce759aa76fb859167be866bee2c2abbffe12524,100968.20203344,100968202033440000000000,tge_full,transfer terverifikasi
0x90eab9878921e7b0753c1554f3ed50e0a570b90d,100942.97726645,100942977266450000000000,tge_full,transfer terverifikasi
0xb48cd14c97c8ea6db96de177630b7ffd83b1b2e3,100941.44441758,100941444417580000000000,tge_full,transfer terverifikasi
0x2a927dab10d253288d00073152547df7231bbb75,100941.17277426,100941172774260000000000,tge_full,transfer terverifikasi
0xe8cd5d45f2129d7661cda0458f6d0deb56d50c3c,100691.28499219,100691284992190000000000,tge_full,transfer terverifikasi
0x6cbbe144ee39a56b084f6f53f925a863ce44794e,100163.42806952,100163428069520000000000,tge_full,transfer terverifikasi
0xd006afe1910d590eed4d92b1614a2cdd303c7f74,99169.55420099,99169554200990000000000,tge_full,transfer terverifikasi
0x2353a65c42588800599604b7dd055851ad3314c5,99165.19842570,99165198425700000000000,tge_full,transfer terverifikasi
0x502fba4e89601376fd2de2cc9f964b89b2e046d8,97300.29178446,97300291784460000000000,tge_full,transfer terverifikasi
0x105d2b0e40e1c348c00cda76d5190d656e9fc7be,96460.71503745,96460715037450000000000,tge_full,transfer terverifikasi
0x87cd7c9e76621011a51d5581e84dfb026c30afa9,93417.72005734,93417720057340000000000,tge_full,transfer terverifikasi
0x9f9fe183b00a9b50589c98d0a13e1e84eec308fe,92277.68180713,92277681807130000000000,tge_full,transfer terverifikasi
0x054cb448261d0630962bd6ec767c3567203055a2,91433.86284084,91433862840840000000000,tge_full,transfer terverifikasi
0x6e38b36242cdda48a0fcad5ed53c1e8dd7f7abfb,90150.80175914,90150801759140000000000,tge_full,transfer terverifikasi
0xf8bb169886a812fcfed6ea3143a05d81b529d8f0,90150.18038700,90150180387000000000000,tge_full,transfer terverifikasi
0x2e99e7641efa491fe71852a9227115559afcda68,89464.31203855,89464312038550000000000,tge_full,transfer terverifikasi
0x74dbe05d344db3af927f507bcfe442890b0fe1c6,83521.14061493,83521140614930000000000,tge_full,transfer terverifikasi
0xa990b4c4e4312c652a305488d3aa0a6df72f0329,83102.28946401,83102289464010000000000,tge_full,transfer terverifikasi
0x21395aae744a05f75c0c3aa68cf83b845a6379ae,82186.13236703,82186132367030000000000,tge_full,transfer terverifikasi
0x1f99870403f6eda94d21949f4403ccb556115167,81510.55493511,81510554935110000000000,tge_full,transfer terverifikasi
0x8a3ad0b7bafa9f8beb85fdba1257883e465a12c1,80164.20536454,80164205364540000000000,tge_full,transfer terverifikasi
0x6a94f2262b2f1a9c6b19dad168e4541facc0703b,78462.00000000,78462000000000000000000,tge_full,transfer terverifikasi
0x5fd139e955570de323af55825886fb5db8f1fdbb,77553.40177217,77553401772170000000000,tge_full,transfer terverifikasi
0x8f5145d9901ce019d150119b3229a10d8f58703b,77412.35503690,77412355036900000000000,tge_full,transfer terverifikasi
0x1d139cde33077702974ccc7828b2999f027b1613,77374.49264683,77374492646830000000000,tge_full,transfer terverifikasi
0x7f20435a7211a291b7ebd18a8dd08b1638c45774,76835.13353614,76835133536140000000000,tge_full,transfer terverifikasi
0x3a272b68a86d89008555a697b749ac369b5b9679,76639.00000000,76639000000000000000000,tge_full,transfer terverifikasi
0x5088875cb47c227dc3381e48b2619053ca676c90,76245.34778458,76245347784580000000000,tge_full,transfer terverifikasi
0xa929aabd5fc70773d708698108d9da85cf36b521,73155.56538777,73155565387770000000000,tge_full,transfer terverifikasi
0x9f49190664e2b7db22efcdc7e85951b75b87c954,70501.02198773,70501021987730000000000,tge_full,transfer terverifikasi
0x0fc1e9e72489fa0db4acd30d89da299409195528,70372.22932463,70372229324630000000000,tge_full,transfer terverifikasi
0xa639400654f7746c76984c18c3681d88163aa7ca,70271.18207557,70271182075570000000000,tge_full,transfer terverifikasi
0x586a86d3e5d10af2588f67b1e7d704dd10e101d3,69205.91229003,69205912290030000000000,tge_full,transfer terverifikasi
0x55a98d550f6d0d791ce9368279f20bc0e2f83eec,68166.07459958,68166074599580000000000,tge_full,transfer terverifikasi
0xa91b1d25965058e223fa4951d30d0af3a92afb49,67742.62568814,67742625688140000000000,tge_full,transfer terverifikasi
0x57ca4c4330eca6874855f4b94a2b778d54b1d615,66112.12280554,66112122805540000000000,tge_full,transfer terverifikasi
0xd64ad56dd2ccf8b8fd7697866e771ae711f87c6d,62952.83300679,62952833006790000000000,tge_full,transfer terverifikasi
0x099a9cd38ef914c357342f88467bb5907b12e212,62387.60749094,62387607490940000000000,tge_full,transfer terverifikasi
0x7f04304f83db890fec4d38bf8111c84329a04326,61872.56628526,61872566285260000000000,tge_full,transfer terverifikasi
0xc106e979ac770e57b4c9c6689efbf01aa54f632d,60583.79064046,60583790640460000000000,tge_full,transfer terverifikasi
0x5bbf3556c52d7ae3aaebccaeaafa97520d5d22dd,59237.64324062,59237643240620000000000,tge_full,transfer terverifikasi
0x6ef4df5eee9e25adf91229a4cca4bcc8e4160aec,58105.64153696,58105641536960000000000,tge_full,transfer terverifikasi
0xec4363b9dee3db5abc824badfbec4b89f28cf577,57756.86380865,57756863808650000000000,tge_full,transfer terverifikasi
0xabfa552274819182fabd6450b11ee930b775114c,57695.92251422,57695922514220000000000,tge_full,transfer terverifikasi
0x8387adcfd8cf0a20b0d52023a054a76f4c7a02b0,57447.28511170,57447285111700000000000,tge_full,transfer terverifikasi
0xaf3b7eaac766c71246622c31494f9a506aeadbb1,56844.16461980,56844164619800000000000,tge_full,transfer terverifikasi
0x700354553eb6ae417016295224bc71c52971174d,55893.49709067,55893497090670000000000,tge_full,transfer terverifikasi
0x5b484f5286655e7c2a9e091e290b6d5670d00149,55892.92493565,55892924935650000000000,tge_full,transfer terverifikasi
0xdcaced8ee1f1d5f294661e58068346771409219a,55008.58224110,55008582241100000000000,tge_full,transfer terverifikasi
0xe4c2307ea1c561ef4ec79ab58bf6c316debd2e81,54839.24411176,54839244111760000000000,tge_full,transfer terverifikasi
0x941f4d03c8efa2c7c610a643757ef683f4bcee43,54830.77395054,54830773950540000000000,tge_full,transfer terverifikasi
0xfe11af30a2aba5fdccd1abac67fed6f296e9f97b,54756.70005582,54756700055820000000000,tge_full,transfer terverifikasi
0xe114a67c795df285266eb00356df885b12be9ddc,54683.74099492,54683740994920000000000,tge_full,transfer terverifikasi
0xe151addbe49ed7221d9ca7638da401928faaaac0,54510.80182769,54510801827690000000000,tge_full,transfer terverifikasi
0x711c7f3c1edfbadd3bf251e9b8ef910e0ba6210f,54460.57984946,54460579849460000000000,tge_full,transfer terverifikasi
0xeb2a34346ba20ea5d05fe274a3b35c11e01f4537,54457.48266739,54457482667390000000000,tge_full,transfer terverifikasi
0x6ace7c280460471e0f56aad6975d462bb4560be0,54329.65921502,54329659215020000000000,tge_full,transfer terverifikasi
0x0a904be0040a47496761c351f29c650559e22fdc,54094.82337240,54094823372400000000000,tge_full,transfer terverifikasi
0x472ad78bf0a9441b8aff22fa7514d9b929e14925,54093.22339405,54093223394050000000000,tge_full,transfer terverifikasi
0x5e59f6cad42ae01400ec5a9acde522b1a51b6b04,54090.12058175,54090120581750000000000,tge_full,transfer terverifikasi
0xfe7d6b8cb7ab3574cf19893a1fadcd1acc273c95,53680.88407195,53680884071950000000000,tge_full,transfer terverifikasi
0x32148c91df32ef982f1cc41d4e20d9421cd71f89,53664.44997173,53664449971730000000000,tge_full,transfer terverifikasi
0x49cf1fb543b02de18ead839b5721b380c11828fb,53660.61360032,53660613600320000000000,tge_full,transfer terverifikasi
0x261c8d8f715dc662f5bc22904af6b85b8ece4e00,53547.10670498,53547106704980000000000,tge_full,transfer terverifikasi
0x48015b686fafcacafd59e748e3b2f17f29b11b1b,53187.58361562,53187583615620000000000,tge_full,transfer terverifikasi
0xd0ec0a8569cbe0366cf527d778c383579aae2402,52979.52139884,52979521398840000000000,tge_full,transfer terverifikasi
0x590ab073d261fa8ab0c7907d084a298b8d97b827,52973.89746467,52973897464670000000000,tge_full,transfer terverifikasi
0xb0e0935095b1f2cecd29b38dee593d3097da46c6,52899.95596733,52899955967330000000000,tge_full,transfer terverifikasi
0x20dfaf77797406b40a377198d3e5ff7773356834,52899.16026111,52899160261110000000000,tge_full,transfer terverifikasi
0x02e078eee82501bb6471a8740d0a18a0567e3e27,52892.77830248,52892778302480000000000,tge_full,transfer terverifikasi
0x05c266865c410409222eea4a7c94738cb9a31652,52543.05380667,52543053806670000000000,tge_full,transfer terverifikasi
0x186cbc20ee31feb831521a86b066961fcb498523,52510.99854906,52510998549060000000000,tge_full,transfer terverifikasi
0xd9c81980a7a03c8dad7931febb275dac4e756808,52337.16376213,52337163762130000000000,tge_full,transfer terverifikasi
0x2a6bf7e21220085362ba2a8765299e096379e4b8,52290.11594758,52290115947580000000000,tge_full,transfer terverifikasi
0x382a93910d91900aba0f104b091439d42f54f06c,52275.41991317,52275419913170000000000,tge_full,transfer terverifikasi
0xf21f32d2ee69c6275137c5582b032c43f9d8e58d,52208.14359861,52208143598610000000000,tge_full,transfer terverifikasi
0x76f0f2fd13030960441411a3ac5ed37ff1d2a492,52129.64722174,52129647221740000000000,tge_full,transfer terverifikasi
0xd7328e9e6b986407cf588614369ac1c37d4ee194,52089.77067575,52089770675750000000000,tge_full,transfer terverifikasi
0x70147ac0b3978c2b77a2b000ab6d85c4d0a03553,52046.53010137,52046530101370000000000,tge_full,transfer terverifikasi
0x1079e4526180663adb41086dad712b71bf4fb59e,51945.52035709,51945520357090000000000,tge_full,transfer terverifikasi
0xe046bfbaea8dd0a99e88a81e81a27922f59381aa,51934.51892095,51934518920950000000000,tge_full,transfer terverifikasi
0x6918ffb44f61b1eda6ef77cf7bef831bda0a8508,51914.09274465,51914092744650000000000,tge_full,transfer terverifikasi
0x84574315b9502c7841628aefbcdb2641d7a9531c,51836.36555751,51836365557510000000000,tge_full,transfer terverifikasi
0x00288d38fc5f1293c6deac5211d18f51eebce111,51758.03303641,51758033036410000000000,tge_full,transfer terverifikasi
0xb436a397d35991664f95c516e535948986b172bb,51699.32497934,51699324979340000000000,tge_full,transfer terverifikasi
0x8836b00780c3c1464b8ee12282633ef211718413,51670.63256613,51670632566130000000000,tge_full,transfer terverifikasi
0x8b3741e3472eefe07f3f899147585d19d1979e5d,51632.77443488,51632774434880000000000,tge_full,transfer terverifikasi
0x1435ffa585ba1ebca953c73526d5bc4cd257c438,51577.04828708,51577048287080000000000,tge_full,transfer terverifikasi
0x8b7034cac8ce439dbd471cd81f293ac3e732af7b,51536.74809510,51536748095100000000000,tge_full,salah kirim ke wallet Dverse
0x8997acb0e9fe01c780df3678c7cafab5f9b23755,51388.62576204,51388625762040000000000,tge_full,transfer terverifikasi
0x218ba0781841edc2bdb65fdc062b04be002b9ef7,51388.56222434,51388562224340000000000,tge_full,transfer terverifikasi
0x937ab9db29ad25cad4de3ca0dbc91c5767266a85,51388.56222434,51388562224340000000000,tge_full,transfer terverifikasi
0xb8c2eb2555afbedc76c19b24eef5a18d0d8be540,51386.83017131,51386830171310000000000,tge_full,transfer terverifikasi
0x1f30105b9255f330a1cf481655f0a02e554d7b22,51284.23356313,51284233563130000000000,tge_full,transfer terverifikasi
0x07d24e4ad8fe2406f76312434a91773f7808c091,51201.76579213,51201765792130000000000,tge_full,transfer terverifikasi
0x652238b8bd472b7f3417de5247d6d56781ef71ab,51007.52637509,51007526375090000000000,tge_full,transfer terverifikasi
0xaaff147ab890fad9c5d4aa95996d53487042423f,50907.51014201,50907510142010000000000,tge_full,transfer terverifikasi
0xf62c9b0c1a2cb6aed8002b7d7a9774da0de086a6,50836.00717049,50836007170490000000000,tge_full,transfer terverifikasi
0xd4f26d2ceeddc2a3380196d2efaacd423663e858,50791.41176786,50791411767860000000000,tge_full,transfer terverifikasi
0xb5b2ba2f3589ccdf885c7cb68225890d68054bbc,50784.26613150,50784266131500000000000,tge_full,transfer terverifikasi
0x27790e54cb981b9d04c66e8b0d8bc89228f78a00,50629.73516467,50629735164670000000000,tge_full,transfer terverifikasi
0x636af729f6556bc7d4b3107c59c3d821b8a85320,50625.49631506,50625496315060000000000,tge_full,transfer terverifikasi
0x113d798eef9577e721941213ce4ef20d2700e13b,50600.34902150,50600349021500000000000,tge_full,transfer terverifikasi
0x07ed9a76e7bfbccd8e483ef24ecf703b605275ff,50597.82196770,50597821967700000000000,tge_full,transfer terverifikasi
0xa1379f53764d9d1e80ae52cd0c262be20071382a,50502.06138526,50502061385260000000000,tge_full,transfer terverifikasi
0x0d0fec29b634cf11f3d11fe10c37982c829b2fe7,50500.25841633,50500258416330000000000,tge_full,transfer terverifikasi
0x72a43a43c8232d89f7831efd1b47bad10f899c46,50498.19992027,50498199920270000000000,tge_full,transfer terverifikasi
0xd9cb9108afc413295da0dcd299248b23ae33ea89,50491.79885281,50491798852810000000000,tge_full,transfer terverifikasi
0xdac5d2af3c4311598b9438123008b207527782fc,50491.00000000,50491000000000000000000,tge_full,transfer terverifikasi
0xcd790cf7253da6dc488ca2f611a187b40b7b9261,50488.01925226,50488019252260000000000,tge_full,transfer terverifikasi
0x012eb9e1a3c8fb9946b3699373d9e8a91f8da29e,50487.00850111,50487008501110000000000,tge_full,transfer terverifikasi
0x3bae7550fa6fd7ec341133c9210890ce9f1a3199,50487.00850111,50487008501110000000000,tge_full,transfer terverifikasi
0x33c0aa06bdd9ce96295cf6a624b00ad387e28c21,50487.00850111,50487008501110000000000,tge_full,transfer terverifikasi
0x7be8bdef79e11245b71a4cf4954e5e262e346c27,50486.31850232,50486318502320000000000,tge_full,transfer terverifikasi
0x03d2313d31fdfc69804bd7292b10eb5763ebc6e9,50485.30683497,50485306834970000000000,tge_full,transfer terverifikasi
0xd1968a810fe9a2c67e00245b1cb1a4c1c2e77d15,50483.93219994,50483932199940000000000,tge_full,transfer terverifikasi
0x9abbe97df6fb11ebbe3ead2dbd78634b0284d6c0,50483.13021143,50483130211430000000000,tge_full,transfer terverifikasi
0xd698f9554886450b2dc707801be8e0d5392b9cc1,50482.36774703,50482367747030000000000,tge_full,transfer terverifikasi
0x2ff571aa4c57270f01d979fbe7957391f94794ba,50458.80660430,50458806604300000000000,tge_full,transfer terverifikasi
0xc6ca62fd1042c977a18d30c71f915959ae5528c4,50419.73137465,50419731374650000000000,tge_full,transfer terverifikasi
0x557d42023b0e133802899b7e8916a867eab8cd8c,50415.73205980,50415732059800000000000,tge_full,transfer terverifikasi
0x8efab35359da542d22dc66b91e14ebb1aa79723e,50401.00000000,50401000000000000000000,tge_full,transfer terverifikasi
0x74cee3e57ff1987f2dbcbbdee65d9e67da067bc5,50364.83751931,50364837519310000000000,tge_full,transfer terverifikasi
0x5be92cf6020c7b8439363b58414d7f8df37f1756,50133.01566840,50133015668400000000000,tge_full,transfer terverifikasi
0xa850bff09d901f0c14678fbcf19bcdd02131db2e,50130.00000000,50130000000000000000000,tge_full,transfer terverifikasi
0x0bf701c53289fe86f964e5945756bca5ff5d61e2,50126.45972094,50126459720940000000000,tge_full,transfer terverifikasi
0xfa3b22a883cc19429da4c3c1ad8a1b5e0cd422f8,50116.65187091,50116651870910000000000,tge_full,transfer terverifikasi
0x16a6ba5ba3f2d71d8f7a192529f3a4aa1933d8d3,50094.86058207,50094860582070000000000,tge_full,transfer terverifikasi
0x8e47bf8bf75d944c73de749526bb17aea455bce0,50090.85363433,50090853634330000000000,tge_full,transfer terverifikasi
0x0ee3fe4f92180ed2e246dc57225cf84bb66cfa6e,50083.29028271,50083290282710000000000,tge_full,transfer terverifikasi
0x985d06f77441960598d78c015e101cf9b4d56d93,50082.47044785,50082470447850000000000,tge_full,transfer terverifikasi
0x461e750f83bfc4b6d8c25fb103c2b0321bb3f9a9,50055.93891489,50055938914890000000000,tge_full,transfer terverifikasi
0x472a5145741c4b1d4a7158393144431edd381c57,49869.26185253,49869261852530000000000,tge_full,transfer terverifikasi
0x852b98b274e2b5d055f3c85d25bfd344a4897bd6,49473.07886370,49473078863700000000000,tge_full,transfer terverifikasi
0x8026d9dfe3c5f12a8d8f69611f5f5b3cf833325e,49064.21341725,49064213417250000000000,tge_full,transfer terverifikasi
0x930ffe1365ccc3d316ff6a82f71a227e1eabb74f,48688.49148354,48688491483540000000000,tge_full,transfer terverifikasi
0x42ba241787d9ebe919956260ae4f1cd996e96536,47929.44905759,47929449057590000000000,tge_full,transfer terverifikasi
0x5ed0d898aa448fc23f0bed10389418622ed60362,45670.09393821,45670093938210000000000,tge_full,transfer terverifikasi
0xfc5f388799916dc76a391d20334bfec2a792b1ed,45110.44819949,45110448199490000000000,tge_full,transfer terverifikasi
0x2f0698be4742c1e1934cb19469487e731de080df,44604.56986131,44604569861310000000000,tge_full,transfer terverifikasi
0x5feed313c1cde3ab809f2b6df153f253c24db07a,42365.56686200,42365566862000000000000,tge_full,transfer terverifikasi
0xb2aa9023b472b299ee15df24d5ca0a7b5d994067,41036.04616067,41036046160670000000000,tge_full,transfer terverifikasi
0xbd9cc90c11e01ec7ef60624f860288cf6c2d5d38,35600.12598537,35600125985370000000000,tge_full,transfer terverifikasi
0xa76aa9a3f55d51b3ee09651a34a5aac153f78569,35055.91922489,35055919224890000000000,tge_full,transfer terverifikasi
0x31cbced5a85c4cd82d717de92364173f073b701e,34962.18563245,34962185632450000000000,tge_full,transfer terverifikasi
0x2880958735a87fc076f57e925ebf07d4dce9a17b,34913.75369677,34913753696770000000000,tge_full,transfer terverifikasi
0xceafd9a597d9753f1eb5633f231bb2856031219c,33600.27559164,33600275591640000000000,tge_full,transfer terverifikasi
0x8abe19c4bdbc75e329e6d1cdf767f6408058bb6e,32193.03691364,32193036913640000000000,tge_full,transfer terverifikasi
0x69cc962946e6133047a7fcadd042de6fa5287394,32020.81533910,32020815339100000000000,tge_full,transfer terverifikasi
0x6fef5c363c4801de4e069a2832dba3353e2b876f,31981.08099057,31981080990570000000000,tge_full,transfer terverifikasi
0x009dfaf3e8aba4728b7c3fe9b0e0083a4916d1d9,30913.19945059,30913199450590000000000,tge_full,transfer terverifikasi
0x8d75d11c9e0d3f39aef0ea9e4d555e53ddc089dd,30725.28384532,30725283845320000000000,tge_full,transfer terverifikasi
0xe4975d3a60a585db1e3716293279acd7fded8542,30118.19310092,30118193100920000000000,tge_full,transfer terverifikasi
0xbc3c1bf94871ac1bae6fa431e4334d28bd323d23,28239.56228841,28239562288410000000000,tge_full,transfer terverifikasi
0x581fefa0c7aa4b69c9fd18134289ba94063ca08f,28129.31221138,28129312211380000000000,tge_full,transfer terverifikasi
0x27bd218c868d64ec8e7892332663c19a7b5dbe0b,27872.96021225,27872960212250000000000,tge_full,transfer terverifikasi
0xaab229db7ac37c66aef29b1527637471d965ff32,27584.36515197,27584365151970000000000,tge_full,transfer terverifikasi
0xdf2f4bd5afea1767a375167288fe400df3be3d9a,26793.51632329,26793516323290000000000,tge_full,transfer terverifikasi
0xfedb8094ca29478642618b1e2d6af8939c861af8,26458.06399259,26458063992590000000000,tge_full,transfer terverifikasi
0x11d99e85267ba12f2046c9d016788b9f9e875e0f,25360.37728438,25360377284380000000000,tge_full,transfer terverifikasi
0xf556e28ec674582198b9e08f2f559edce301ef50,25346.99753646,25346997536460000000000,tge_full,transfer terverifikasi
0xdbe387784c679523cecd24fad1a8720e234b6a99,24909.95366891,24909953668910000000000,tge_full,transfer terverifikasi
0x7e71ef73ed4a8b6a748d0229d8d29a4ae67d516c,24543.53714811,24543537148110000000000,tge_full,transfer terverifikasi
0xdd999c45dbcf2b0322f6ba0cb5bd2b3b96d16506,24434.40961489,24434409614890000000000,tge_full,transfer terverifikasi
0xafbc448fe618cbd36856e14a2e86e89c69fd285f,23604.12309960,23604123099600000000000,tge_full,transfer terverifikasi
0xab21f71a8d574ea475f70a6577d25c7a56e02d77,22780.88360326,22780883603260000000000,tge_full,transfer terverifikasi
0x3c7b30a61d45611d4d27c3e00a41e429c9e6e7cd,22721.17912008,22721179120080000000000,tge_full,transfer terverifikasi
0x17f6a43437814a07a937ffcebe49eea7a1de8cfe,22556.73387647,22556733876470000000000,tge_full,transfer terverifikasi
0xe33192d9b5dd78f64d07da795db131cb8f3ab8da,22431.69504159,22431695041590000000000,tge_full,transfer terverifikasi
0x030614b8a937bc52c39a454b330089a69f08ab00,22040.07136977,22040071369770000000000,tge_full,transfer terverifikasi
0xd9b1cd4bf46b7dc21772fb6a1694971349daf84a,21939.32430158,21939324301580000000000,tge_full,transfer terverifikasi
0x9335abc8c9686f4278f28350dffc3365d44cdb74,21618.72312446,21618723124460000000000,tge_full,salah kirim ke wallet Dverse
0x479f6af2bed576fbeb75b700ef6c783354a0fcce,21130.81824362,21130818243620000000000,tge_full,transfer terverifikasi
0x7807c2e95ac4ac251338af6c4149683a60fd5b8b,20663.05898358,20663058983580000000000,tge_full,transfer terverifikasi
0x82f8f49fa25ac403bd3c41de0cd38e6095137953,20273.70610569,20273706105690000000000,tge_full,transfer terverifikasi
0xb5d1f94c1a2c0760478bb70d6c0d1d4d8f64d64c,20153.33950377,20153339503770000000000,tge_full,transfer terverifikasi
0x4ff0b262de65d5966646d3c60f68ea2f07f46c2d,19638.04803610,19638048036100000000000,tge_full,transfer terverifikasi
0xc031b406a375a0754ee0c959686e88b6c75b1b80,19064.84644070,19064846440700000000000,tge_full,transfer terverifikasi
0xfd0681d4838d0f4e6f36df3f69f70ac99316be02,18643.54646458,18643546464580000000000,tge_full,transfer terverifikasi
0xdfac77205e1a0e0e9d8c843761334a94ec27acfc,18197.99423364,18197994233640000000000,tge_full,transfer terverifikasi
0xc56e325d08e0f4844b89e6da33cd3524d0327446,17720.78052326,17720780523260000000000,tge_full,transfer terverifikasi
0x427be4242a2db0bfa58f8bee124bea3548940bbc,17339.31252259,17339312522590000000000,tge_full,transfer terverifikasi
0x650f8265743f50edeb61f3eea950d8ab864a3900,16300.69755396,16300697553960000000000,tge_full,transfer terverifikasi
0x67aff0143a6ff5c9455dad2467c15acc59fa86d2,16104.68765639,16104687656390000000000,tge_full,transfer terverifikasi
0x644fab7e0263a865c7daceb0852041056c5651d6,15684.61643816,15684616438160000000000,tge_full,transfer terverifikasi
0xa836a960603bff29796301ffe69e5e07717f69a1,15506.61097459,15506610974590000000000,tge_full,transfer terverifikasi
0x1a07f2def59545b5a00012de60ac2a1a645c8e55,14764.13214238,14764132142380000000000,tge_full,transfer terverifikasi
0x7f80bb7ff79767f2c3dc4370c72654a229e1d97e,14611.62316359,14611623163590000000000,tge_full,transfer terverifikasi
0x892ef81616124377b5abd6f8fc9362e1c4f4cac2,14552.61828871,14552618288710000000000,tge_full,transfer terverifikasi
0x1e5675db4b4b9022bbf6e14bac8359f91e0d47a8,14423.53364201,14423533642010000000000,tge_full,transfer terverifikasi
0x3b7e34f26321be1ba6409080182406595d35c352,13949.98997020,13949989970200000000000,tge_full,transfer terverifikasi
0x2438d0bed5c46e12be44b88f7e7aa4a3ec10dbe1,13923.29018011,13923290180110000000000,tge_full,transfer terverifikasi
0xe6a5b16e9ba377d2a36baed2c92becb30ea41a07,13357.78598222,13357785982220000000000,tge_full,terlambat beberapa jam
0xe0f62f1ec66e1669ea51a9b4188dad54ae3ea428,13337.12906844,13337129068440000000000,tge_full,transfer terverifikasi
0x1e1217642082c94d40be893eb98e84e61371e318,13190.84628884,13190846288840000000000,tge_full,transfer terverifikasi
0xdcd992bb36a1dd515d06b6b5c431f21f816975a6,12895.76233347,12895762333470000000000,tge_full,transfer terverifikasi
0x9d93692a7cd0022ef33f0b2454a52754ed3c4401,12885.44042398,12885440423980000000000,tge_full,terlambat beberapa jam
0x3364b32f14e9690c618b0820e24e6d6fe692d1b3,12449.45343787,12449453437870000000000,tge_full,transfer terverifikasi
0xb0a48df7681f89833998c68e71c2b78e1d7dbfbf,12400.63312647,12400633126470000000000,tge_full,transfer terverifikasi
0xd5e0bf6d87218ea56709169e93b5f3f778fb8f8e,12256.95929343,12256959293430000000000,tge_full,transfer terverifikasi
0x42bb014c36f8a1fefce337c8b4a27bc220979b64,11674.47578219,11674475782190000000000,tge_full,transfer terverifikasi
0x705f678b38cff507ea3d5502ebe57c416fcf9cae,11283.32643525,11283326435250000000000,tge_full,transfer terverifikasi
0x8197f9be1464a30042304463de1f1a16dcbbbad5,11113.36200984,11113362009840000000000,tge_full,transfer terverifikasi
0xf6f05d1cce30842603ddb9658fb2047c86e1354e,11008.07274131,11008072741310000000000,tge_full,transfer terverifikasi
0x897098d6aed482c931a814c19c38735131c59e76,10763.56198035,10763561980350000000000,tge_full,transfer terverifikasi
0x22b8f831a4af5102f538e4544f65e249fb323dd8,10124.10706708,10124107067080000000000,tge_full,transfer terverifikasi
0xa23525295ff869143a0b3e39fe21b9164bb0bca2,10097.18491352,10097184913520000000000,tge_full,transfer terverifikasi
0x10773c456303f7efe6272033e5e7b363658e0df9,10085.26307221,10085263072210000000000,tge_full,transfer terverifikasi
0x3a0a12fcfe4b02b28dc911944c911727c3960ad5,9929.91621326,9929916213260000000000,tge_full,transfer terverifikasi
0x69cd3515c8759b0573b03ad96fc075c730c13169,9670.78585857,9670785858570000000000,tge_full,transfer terverifikasi
0x53dbd6fe48f6e0071b54a6225866b02bef00982e,9467.21228490,9467212284900000000000,tge_full,transfer terverifikasi
0xcbd03d6198a1fd243b5f5f199df5127b8bf1f788,9407.97135660,9407971356600000000000,tge_full,transfer terverifikasi
0x21bd5039f74430b3b858fbceb6bbd2fa94ace437,9215.57280413,9215572804130000000000,tge_full,transfer terverifikasi
0x055d52677f3f054de78d0ee7bf7715543133ee2b,8817.00000000,8817000000000000000000,tge_full,transfer terverifikasi
0xd0b12d9c889e2039b5d00c6890dae4e66b312745,8305.52655388,8305526553880000000000,tge_full,transfer terverifikasi
0x2d6a074a747954bae126839fc32ee03cf8b1972a,8228.08655969,8228086559690000000000,tge_full,transfer terverifikasi
0x1be5f4a246549222769124858d4a8824e2bf7db9,7986.43862252,7986438622520000000000,tge_full,transfer terverifikasi
0xa3078e67bded5ada936da42181b0b18281a27e23,7983.74284543,7983742845430000000000,tge_full,transfer terverifikasi
0x863a09d5601067f86379fb8d98140a500e1c7381,7843.68294006,7843682940060000000000,tge_full,transfer terverifikasi
0x17c419e2b5fe8cc4e8c3850e9b0c7fb9afeb2841,7703.03937517,7703039375170000000000,tge_full,transfer terverifikasi
0x4445ab6a3e55f5ad624ed52f2eba4af5368f8144,7212.50592287,7212505922870000000000,tge_full,transfer terverifikasi
0x7d97ef167aab027b9a2773e73804337acc6f9981,6415.54889120,6415548891200000000000,tge_full,transfer terverifikasi
0xfb28a8c61bc9cd6a4538047b8f8a39b162100b4f,6192.58251635,6192582516350000000000,tge_full,transfer terverifikasi
0x948890dd4bd4c89141e1ae69cddd0870d58a8bf0,6058.23290755,6058232907550000000000,tge_full,transfer terverifikasi
0x7fcd13bf7da1d9f992357e570c986268f4646757,5582.08628995,5582086289950000000000,tge_full,transfer terverifikasi
0x3fea18f8ef8b0a4360d00424102a37214d2fc2e9,5580.67844778,5580678447780000000000,tge_full,transfer terverifikasi
0xd07939b0634f25bfccafc12ce551da6dee994fa8,5318.52965371,5318529653710000000000,tge_full,transfer terverifikasi
0xdff9f2bb43d7884023dc98232eec8b96813088e1,5008.32902827,5008329028270000000000,tge_full,transfer terverifikasi
0xb030050650c4018c62857d94c16344745664f3ab,4910.13746666,4910137466660000000000,tge_full,transfer terverifikasi
0x1c777e424a3a47312dfd6a7a339236f8e6bf3807,4778.28738792,4778287387920000000000,tge_full,transfer terverifikasi
0xa12061b1a61516e006dc2110a160f0da3a038927,4608.70749847,4608707498470000000000,tge_full,transfer terverifikasi
0xf566cc046df859eca20c42e90d8a59d13488e2db,4608.70749847,4608707498470000000000,tge_full,transfer terverifikasi
0x93a1addbd0217a541694d817adfa12ac15f7aa79,4607.79515685,4607795156850000000000,tge_full,transfer terverifikasi
0x8199225b9568697d212742bf4d6b26a0c8a22625,4596.65919973,4596659199730000000000,tge_full,transfer terverifikasi
0x44afca0f5495de82d549f645475ff08603c02266,4147.00734715,4147007347150000000000,tge_full,transfer terverifikasi
0xb59ba29c19bd2da222fe5ce1ac6d3306b9099d23,4059.56686805,4059566868050000000000,tge_full,transfer terverifikasi
0xe834c9d46a77b2e01c99be4d09e1090b3d98a083,3980.80672819,3980806728190000000000,tge_full,transfer terverifikasi
0x6db00a0e79c699962616bcd95436cde1f89799a6,3687.15031021,3687150310210000000000,tge_full,transfer terverifikasi
0x946b82318764945ee92129f19dadcde2a1a1698a,3599.70996863,3599709968630000000000,tge_full,transfer terverifikasi
0x4a6ba52971c726fdc26c5d5303b8bdca182bb2b6,3507.37674174,3507376741740000000000,tge_full,transfer terverifikasi
0xd9f1247324c99e6fea86fcb21fa3211a954e0e3c,3425.85732694,3425857326940000000000,tge_full,transfer terverifikasi
0x044867ee56ee34dd37fcc985ec0cc3ecd6baa938,3350.47040734,3350470407340000000000,tge_full,transfer terverifikasi
0xfa8e7b4490bbd2b5f7bea45f4caca277c1b368f6,3227.22618796,3227226187960000000000,tge_full,transfer terverifikasi
0xca463b47294a07e31f8a071a6c11f4cc86dacf18,2975.15869318,2975158693180000000000,tge_full,transfer terverifikasi
0xf03b674dd99101b18c5db454e71ac964d5414ead,2948.99221799,2948992217990000000000,tge_full,transfer terverifikasi
0xaa7dd223490cf878e01a283ebf86810fa9d21b1a,2794.77834566,2794778345660000000000,tge_full,transfer terverifikasi
0x2fb2bfc15567a15ba8ec6c1be1fcd2a38a130c4e,2687.76173129,2687761731290000000000,tge_full,transfer terverifikasi
0xf160b7d1b9bdaa45a84610da500101e602d72bfe,2522.39361241,2522393612410000000000,tge_full,transfer terverifikasi
0x1dc16c00f943db1efce15f76842114a3a1cb21e2,2296.83606510,2296836065100000000000,tge_full,transfer terverifikasi
0x8be1226002111d30073c1a91ac4a35f77e038554,2253.90810089,2253908100890000000000,tge_full,transfer terverifikasi
0x9165a9a7c2988fd0cad0e4f3df41e082f5ed396f,2073.71987818,2073719878180000000000,tge_full,transfer terverifikasi
0x418f2a101828991b757700ccab1b47371ecc486a,1959.89504600,1959895046000000000000,tge_full,transfer terverifikasi
0x8e85d56071b4b7262dc82b93e127bb0e1d0c8e09,1888.03358593,1888033585930000000000,tge_full,transfer terverifikasi
0x53e3bde863758be27d6b771ad6539b46f2bd3a52,1710.62129655,1710621296550000000000,tge_full,transfer terverifikasi
0x6407560edc1250c308a9d0a6c809540af0d67032,1662.05631476,1662056314760000000000,tge_full,transfer terverifikasi
0x22a7210f2115c5ddb7a773fdc52b6b7e204df803,1330.00641532,1330006415320000000000,tge_full,transfer terverifikasi
0x18c90193c04f587ddea768ac1d4e033937ce96d5,1172.03221246,1172032212460000000000,tge_full,transfer terverifikasi
0xdd5401ffb63a6859abff6bf6b795e4e44ec64637,1168.81874319,1168818743190000000000,tge_full,transfer terverifikasi
0x001d5b226acfec76cb85418583496ea3ac7daccc,1126.87348660,1126873486600000000000,tge_full,transfer terverifikasi
0x3230c10782f631e612dd0a99ad3b1978f95e595b,1081.87588843,1081875888430000000000,tge_full,transfer terverifikasi
0x51310fbfab5448f02e05eccc603b58d2c373afbe,1032.39611017,1032396110170000000000,tge_full,transfer terverifikasi
0x2dab90efd4da7d49fa216897bc96cdc1f9957ea2,1004.95378107,1004953781070000000000,tge_full,transfer terverifikasi
0x5b9c9f628b6c8b66e67b25c9139a4b4476968875,1004.95376087,1004953760870000000000,tge_full,transfer terverifikasi
0xab756dc3a488cc7bbd8f23d6e8b81c638f894911,1004.95374067,1004953740670000000000,tge_full,transfer terverifikasi
0xca6e91f406551776154e1ab4ab8fddd13b3d6620,901.53436727,901534367270000000000,tge_full,transfer terverifikasi
0xc7be30d892230310995f5aba9c4572e74435d652,721.20144309,721201443090000000000,tge_full,transfer terverifikasi
0x9f46c89187d6fa7fe4fb475edee01e9beb9b4ba4,484.12395522,484123955220000000000,tge_full,transfer terverifikasi
0xc5c24468c77687561686ed29355d812d93df5a04,0.05445005,54450050000000000,tge_full,transfer terverifikasi
